CustomerID,CustomerName,Region,SignupDate
C0001,Lawrence Carroll,South America,7-10-2022
C0002,Elizabeth Lutz,Asia,2-13-2022
C0003,Michael Rivera,South America,3-7-2024
C0004,Kathleen Rodriguez,South America,10-9-2022
C0005,Laura Weber,Asia,8-15-2022
C0006,Brittany Palmer,South America,1-7-2024
C0007,Paul Graves,Asia,6-18-2022
C0008,David Li,North America,1-13-2024
C0009,Joy Clark,Europe,8-14-2023
C0010,Aaron Cox,Europe,12-15-2022
C0011,Bryan Mathews,South America,12-12-2022
C0012,Kevin May,South America,8-7-2024
C0013,Lauren Buchanan,South America,5-19-2024
C0014,Deborah Wilcox,Europe,6-22-2024
C0015,Tina Duran,North America,11-20-2023
C0016,Emily Woods,North America,1-3-2024
C0017,Jennifer King,Europe,12-5-2023
C0018,Tyler Haynes,North America,9-21-2024
C0019,Brandon Rodriguez,Europe,1-12-2023
C0020,Mr. Manuel Conway,North America,6-11-2024
C0021,Robert Blanchard,Asia,4-17-2023
C0022,Teresa Esparza,Asia,10-27-2023
C0023,Nicholas Cain,Europe,3-4-2022
C0024,Michele Cooley,North America,2-5-2024
C0025,Gregory Odom,South America,7-4-2022
C0026,Sara Miller,North America,5-3-2024
C0027,Justin Heath,Asia,11-9-2022
C0028,Jennifer Pena,Asia,6-29-2024
C0029,Erin Manning,North America,4-16-2022
C0030,Mark Brock,North America,1-30-2024
C0031,Tina Miller,South America,4-11-2024
C0032,Dustin Campbell,South America,4-17-2024
C0033,Tyler Holt,North America,8-4-2024
C0034,Dalton Perez,North America,9-27-2023
C0035,Brianna Richardson,North America,10-1-2024
C0036,Brian Aguilar DDS,North America,7-6-2024
C0037,Linda Smith,Europe,2-4-2023
C0038,Jeffrey Perkins,North America,4-16-2022
C0039,Angela Harris,South America,10-13-2024
C0040,Michael Harrell,Asia,3-7-2022
C0041,Lindsey Deleon,Europe,12-27-2023
C0042,Heather Riley,North America,3-15-2023
C0043,Sandy Short MD,Asia,2-5-2023
C0044,Kenneth Alexander,Europe,7-10-2024
C0045,Michael Williams,Asia,2-25-2022
C0046,Beth Cardenas,North America,10-23-2024
C0047,Samantha Frank,North America,3-22-2024
C0048,Matthew Park,South America,11-7-2024
C0049,Jason Yates,North America,9-18-2024
C0050,Ryan Davis,North America,3-2-2024
C0051,Nicholas Ellis,Europe,12-21-2023
C0052,Stanley Aguirre,South America,2-20-2024
C0053,Albert Burke,Europe,6-18-2022
C0054,Bruce Rhodes,Asia,9-29-2024
C0055,Lauren Williams,North America,11-11-2024
C0056,Erika Fernandez,Asia,4-12-2024
C0057,Elizabeth Nguyen,Europe,7-27-2024
C0058,Zachary Turner,North America,1-28-2024
C0059,Mrs. Kimberly Wright,North America,4-7-2024
C0060,James Murphy,Europe,4-22-2022
C0061,Brandon Escobar,Europe,3-6-2023
C0062,Jeffery Hartman,Europe,12-14-2022
C0063,Wayne Ferguson,Europe,2-5-2024
C0064,Martha Montgomery,Europe,10-22-2023
C0065,Gerald Hines,North America,7-10-2024
C0066,Catherine White,Europe,11-15-2024
C0067,Carl Gonzalez,North America,7-6-2023
C0068,Mark Cox,North America,4-4-2023
C0069,Stacy Foster,Europe,12-3-2023
C0070,Timothy Perez,Europe,3-15-2022
C0071,Taylor Murphy,South America,7-1-2022
C0072,Sarah Scott,North America,7-24-2024
C0073,Heidi Johnson,Europe,8-20-2022
C0074,Jonathan Russo,Europe,5-27-2022
C0075,Misty Higgins,Europe,5-1-2023
C0076,Emily Roberts,South America,2-11-2024
C0077,Scott Sims,South America,10-18-2023
C0078,Julia Palmer,Asia,11-13-2024
C0079,Brian Murillo,North America,2-2-2022
C0080,David Gonzalez,Asia,2-7-2024
C0081,Kimberly Turner,Europe,2-24-2024
C0082,Aimee Taylor,South America,5-13-2022
C0083,Christina Stark,South America,4-7-2022
C0084,Belinda Garner,Asia,9-17-2024
C0085,Richard Brown,South America,9-22-2024
C0086,Stephanie Peterson,Europe,9-18-2022
C0087,Travis Campbell,South America,4-11-2024
C0088,Carlos Murray,Asia,5-14-2023
C0089,Paul Carter,Europe,4-2-2024
C0090,Charles Hamilton,Asia,10-17-2023
C0091,Lisa Kirk,South America,3-16-2023
C0092,Jacqueline Zamora,Asia,5-29-2024
C0093,Nancy Walker,Asia,7-13-2024
C0094,Emily Trevino,North America,9-16-2023
C0095,William Walker,South America,3-4-2023
C0096,Benjamin Mcclure,South America,11-18-2022
C0097,Tina Ford,Asia,12-18-2023
C0098,Laura Gilbert,North America,10-21-2024
C0099,Rodney Eaton,South America,1-29-2023
C0100,Clinton Gomez,Europe,3-16-2023
C0101,Kelsey Roberts,Asia,9-30-2023
C0102,Michael Atkinson,South America,9-16-2022
C0103,Jennifer Munoz,Europe,5-15-2022
C0104,Laura Bennett,South America,2-10-2022
C0105,Ryan Hampton,Europe,11-11-2024
C0106,Amanda Mcguire,Asia,9-22-2022
C0107,Dana Cantrell,South America,2-7-2023
C0108,David Davis,South America,9-28-2022
C0109,Abigail Jones,North America,5-9-2022
C0110,Elizabeth Wells,Asia,9-21-2024
C0111,Roger David,Europe,11-13-2024
C0112,Brian Adkins,South America,7-7-2022
C0113,Joseph Ortiz Jr.,South America,6-17-2022
C0114,Benjamin Anderson,Europe,11-18-2024
C0115,Joshua Hamilton,Asia,11-11-2024
C0116,James Martinez,North America,9-11-2024
C0117,Jeffrey Mcmahon,North America,11-22-2024
C0118,Jacob Holt,South America,1-22-2022
C0119,David Armstrong,Europe,11-13-2023
C0120,Francisco Diaz,South America,1-13-2023
C0121,Mark Atkinson,Europe,7-23-2023
C0122,Corey Ruiz,North America,5-6-2022
C0123,Jason Johnston,Asia,11-5-2023
C0124,Lindsay Perez,Europe,8-26-2024
C0125,Nicholas Taylor,North America,12-18-2022
C0126,Caitlin Brown,South America,2-20-2024
C0127,Kathryn Stevens,Europe,4-4-2024
C0128,Henry Leach,Asia,5-29-2023
C0129,Marcus Livingston,South America,4-14-2024
C0130,Robert Jones,South America,4-19-2023
C0131,Scott Wilson,North America,6-5-2022
C0132,Lisa Jackson,Europe,2-1-2023
C0133,Gwendolyn Carter,South America,3-11-2023
C0134,Theresa Gonzalez,Asia,2-19-2022
C0135,Toni Weaver,Europe,8-23-2022
C0136,Kristen Holder,Asia,3-14-2024
C0137,Robert Gardner,South America,4-9-2024
C0138,Cynthia Clayton,Asia,11-1-2024
C0139,Ricky Gutierrez,North America,3-14-2022
C0140,Gregory Estrada,Asia,7-1-2023
C0141,Paul Parsons,Europe,2-23-2023
C0142,Nicole Long DVM,Asia,2-8-2024
C0143,Brian Parker,Asia,5-27-2024
C0144,Andrea Hart,North America,9-30-2024
C0145,Wayne Stone,Asia,1-13-2023
C0146,Brittany Harvey,Asia,9-4-2024
C0147,Hunter Fuller,South America,5-16-2022
C0148,Matthew Rogers,South America,4-16-2023
C0149,Tina Wilson,Europe,1-21-2023
C0150,Angela Williams,South America,9-13-2022
C0151,Amber Gonzalez,South America,11-22-2024
C0152,Justin Evans,South America,4-19-2022
C0153,Justin Smith,South America,3-20-2022
C0154,Robert Sharp,North America,10-27-2024
C0155,Michelle Brown,South America,3-23-2023
C0156,William Adams,North America,8-19-2023
C0157,Miguel Wong,North America,1-30-2024
C0158,Wendy Browning,South America,4-12-2023
C0159,Austin Miller,Asia,8-6-2022
C0160,Jodi Cook,North America,4-5-2022
C0161,Jessica Warren,Asia,3-14-2022
C0162,Edwin Watson,Asia,3-29-2022
C0163,Tiffany Cain,South America,6-8-2023
C0164,Morgan Perez,Europe,6-1-2023
C0165,Juan Mcdaniel,South America,4-9-2022
C0166,John Rogers,Europe,2-13-2022
C0167,Brandy Welch,Europe,1-27-2024
C0168,Karen Clements MD,South America,12-13-2022
C0169,Jennifer Shaw,South America,4-13-2023
C0170,Logan Harris,Europe,9-13-2023
C0171,Michael Cowan,South America,12-16-2022
C0172,Jamie Webb,Europe,9-9-2024
C0173,Francisco Young,Asia,10-6-2022
C0174,Tracy Steele,South America,11-3-2022
C0175,Matthew Johnson,Asia,4-16-2022
C0176,Nicole Booth,North America,3-23-2022
C0177,Julia Kelly,Asia,6-1-2024
C0178,Carol Williams,Asia,11-19-2023
C0179,Donald Miller,Europe,10-16-2022
C0180,Amy Carpenter,Asia,10-25-2023
C0181,Alexander Barker,South America,11-16-2023
C0182,Joshua Preston,Europe,12-28-2024
C0183,Kimberly Johnson,North America,1-23-2024
C0184,Tina Jacobs,South America,5-13-2022
C0185,Kathleen Logan,North America,10-17-2023
C0186,Amber Alexander,Asia,10-11-2023
C0187,Kayla Kelly,South America,8-2-2024
C0188,Anna Ball,South America,5-17-2022
C0189,Sherri Dixon,North America,1-22-2024
C0190,Alexander Lowe,South America,5-31-2024
C0191,Samantha Gibson DVM,South America,4-7-2024
C0192,Sarah Arias,South America,9-15-2022
C0193,Douglas Torres,Asia,2-3-2023
C0194,Stacy Cook,North America,5-4-2024
C0195,Jeremy Mclaughlin,South America,9-17-2024
C0196,Laura Watts,Europe,6-7-2022
C0197,Christina Harvey,Europe,3-21-2023
C0198,Rebecca Ray,Europe,2-27-2022
C0199,Andrea Jenkins,Europe,12-3-2022
C0200,Kelly Cross,Asia,6-11-2023
